CustomerId,Name,DateOfBirth,Gender,Nationality,Email,PhoneNumber
1,Shep Barneveld,10/12/2000,Male,Czech Republic,sbarneveld0@slate.com,+420 835 834 2984
2,Shawn Hoys,05/06/1996,Male,Philippines,shoys1@squidoo.com,+63 815 548 9886
3,Angeline Masdin,08/02/1981,Female,China,amasdin2@whitehouse.gov,+86 629 978 8160
4,Ash Sainsberry,08/19/1988,Male,Russia,asainsberry3@foxnews.com,+7 713 285 0933
5,Rab Fandrich,09/01/1992,Male,Palestinian Territory,rfandrich4@deviantart.com,+970 554 301 7529
6,Nevin Devons,02/13/1996,Male,Philippines,ndevons5@cargocollective.com,+63 214 469 6798
7,Patty Brooks,12/13/1981,Male,Indonesia,pbrooks6@blogtalkradio.com,+62 316 538 8732
8,Jared Kubicka,10/19/1988,Male,Afghanistan,jkubicka7@theguardian.com,+93 918 372 3974
9,Carleton Matuszinski,08/23/1994,Male,China,cmatuszinski8@earthlink.net,+86 299 172 1914
10,Alfred Louca,08/02/1992,Male,Argentina,alouca9@loc.gov,+54 346 761 3777
11,Bevan Kornilov,07/31/1990,Male,Indonesia,bkornilova@sphinn.com,+62 620 420 8400
12,Leon Goulston,07/23/1981,Male,France,lgoulstonb@fda.gov,+33 678 874 4569
13,Billy MacMorland,11/14/1984,Male,Indonesia,bmacmorlandc@lycos.com,+62 192 334 3729
14,Carma Launder,05/11/1987,Female,Malaysia,claunderd@slideshare.net,+60 733 549 7007
15,Andeee Saltwell,11/13/1996,Female,Guatemala,asaltwelle@gravatar.com,+502 763 271 8367
16,Alisha Farlowe,02/06/1984,Female,Mexico,afarlowef@squarespace.com,+52 286 109 4073
17,Bail Hirsthouse,04/28/1985,Male,Colombia,bhirsthouseg@people.com.cn,+57 906 339 8713
18,Kimberli Cruse,02/15/1984,Female,China,kcruseh@theatlantic.com,+86 450 756 0088
19,Stan Laughton,02/19/1985,Male,China,slaughtoni@mlb.com,+86 454 778 7980
20,Dolph Brimmicombe,08/12/1998,Male,Cuba,dbrimmicombej@vkontakte.ru,+53 673 264 0719
21,Kari Harber,11/12/1987,Female,Canada,kharberk@whitehouse.gov,+1 523 798 5270
22,Howie Dupoy,10/20/1991,Male,Mozambique,hdupoyl@mapquest.com,+258 299 844 4030
23,Julina Weiner,03/14/1991,Female,Philippines,jweinerm@163.com,+63 548 627 7488
24,Angy Fewell,02/11/1985,Female,China,afewelln@indiatimes.com,+86 708 445 2219
25,Franklin Heaney,06/09/1989,Male,Ukraine,fheaneyo@unicef.org,+380 152 541 9878
26,Maryanna Fealty,07/05/1980,Female,United States,mfealtyp@bluehost.com,+1 217 663 7663
27,Wynn Hedingham,01/20/1983,Female,Portugal,whedinghamq@google.com,+351 305 209 6005
28,Steffen Fulle,04/06/1983,Male,China,sfuller@hp.com,+86 565 135 3048
29,Sula Dixcee,07/03/1995,Female,Russia,sdixcees@google.de,+7 917 702 0702
30,Rollie Ridett,07/09/1995,Male,China,rridettt@printfriendly.com,+86 995 867 1650
31,Iris Chesshyre,05/10/1996,Female,Armenia,ichesshyreu@ucoz.ru,+374 232 389 9711
32,Lucie Kipling,04/24/1994,Female,Thailand,lkiplingv@smugmug.com,+66 920 110 2822
33,Wilhelmina Osgorby,03/18/1990,Female,China,wosgorbyw@jalbum.net,+86 158 514 7884
34,Gwendolen Gerler,03/18/1986,Female,Nigeria,ggerlerx@google.cn,+234 919 652 5714
35,Yves Maddams,08/14/1990,Male,China,ymaddamsy@chicagotribune.com,+86 833 755 0018
36,Jaimie Dargue,06/22/1990,Male,Poland,jdarguez@domainmarket.com,+48 503 428 1723
37,Jamie Fice,05/08/1993,Male,Iran,jfice10@umn.edu,+98 942 984 4489
38,Martie Taysbil,06/12/1995,Female,France,mtaysbil11@abc.net.au,+33 153 994 9766
39,Barde Chiverstone,05/31/1987,Male,China,bchiverstone12@state.tx.us,+86 495 802 7173
40,Dorice Hordle,08/13/1985,Female,Brazil,dhordle13@360.cn,+55 546 209 1601
41,Beverie Avramovitz,01/02/1991,Female,Cuba,bavramovitz14@typepad.com,+53 487 339 1692
42,Elwin Cino,03/18/1982,Male,China,ecino15@google.ca,+86 157 873 6134
43,Thurston Leathe,02/16/2000,Male,China,tleathe16@reddit.com,+86 399 737 6347
44,Huey Du Plantier,02/05/1999,Male,Portugal,hdu17@weebly.com,+351 376 710 6627
45,Valerye Durtnall,06/23/1984,Female,China,vdurtnall18@oaic.gov.au,+86 382 690 6040
46,Lainey Blackler,10/14/1990,Female,Turkmenistan,lblackler19@last.fm,+993 553 752 5915
47,Melvyn Longley,12/29/1997,Male,Belarus,mlongley1a@freewebs.com,+375 892 768 4631
48,Lotty Driver,04/29/1985,Female,Russia,ldriver1b@woothemes.com,+7 697 844 6655
49,Courtnay Maxweell,01/19/1996,Female,Morocco,cmaxweell1c@tinyurl.com,+212 619 587 7382
50,Ansel Senior,01/28/1987,Male,France,asenior1d@ucla.edu,+33 971 773 8556
51,Cassius Streeten,09/21/1981,Male,Greece,cstreeten1e@microsoft.com,+30 521 495 0105
52,Rhona Sinnett,03/12/1987,Female,Poland,rsinnett1f@edublogs.org,+48 893 289 5285
53,Verene Rubinowitsch,07/13/1985,Female,Indonesia,vrubinowitsch1g@so-net.ne.jp,+62 280 432 7105
54,Rollie Stiger,02/20/1982,Male,Indonesia,rstiger1h@yahoo.co.jp,+62 345 263 6557
55,Gerhardine Piotrkowski,07/14/1994,Female,Honduras,gpiotrkowski1i@drupal.org,+504 567 817 0184
56,Moore Southern,05/29/1981,Male,Philippines,msouthern1j@house.gov,+63 443 257 1177
57,Vonni Litherland,03/23/1992,Female,Indonesia,vlitherland1k@house.gov,+62 942 157 5848
58,Ariel Bredes,04/03/1990,Male,Denmark,abredes1l@last.fm,+45 577 634 8375
59,Lauri McGlaughn,10/03/1986,Female,Indonesia,lmcglaughn1m@dropbox.com,+62 452 884 5410
60,Llewellyn Swigg,10/07/1995,Male,Sri Lanka,lswigg1n@cbslocal.com,+94 714 299 7847
61,Harland Lief,12/09/1990,Male,Swaziland,hlief1o@rambler.ru,+268 462 279 8276
62,Kristo Dyball,12/01/1989,Male,Indonesia,kdyball1p@dedecms.com,+62 185 892 7954
63,Augy Rosi,06/19/1989,Male,Finland,arosi1q@wix.com,+358 872 237 0759
64,Jamal Lente,11/17/1997,Male,Sweden,jlente1r@shinystat.com,+46 183 482 4322
65,Brand Copeman,09/02/1982,Male,China,bcopeman1s@bloglines.com,+86 615 899 9908
66,Marian Camilio,06/27/1991,Female,France,mcamilio1t@exblog.jp,+33 786 594 8821
67,Marchall Billsberry,08/31/1993,Male,Serbia,mbillsberry1u@moonfruit.com,+381 371 395 3258
68,Greg Kendrick,03/31/1983,Male,China,gkendrick1v@blogspot.com,+86 519 826 5849
69,Karee Timblett,08/12/1984,Female,Malta,ktimblett1w@berkeley.edu,+356 338 723 8660
70,Romonda Horsted,09/12/1980,Female,Argentina,rhorsted1x@tmall.com,+54 436 499 3515
71,Shandra Petrik,08/20/1999,Female,Indonesia,spetrik1y@about.me,+62 848 586 9778
72,Brigit Salle,01/03/1990,Female,Ukraine,bsalle1z@qq.com,+380 178 205 3364
73,Patrice Brydon,11/04/1994,Female,Mexico,pbrydon20@skyrock.com,+52 231 106 5263
74,Cori Mennell,07/30/2000,Male,China,cmennell21@nationalgeographic.com,+86 281 979 4314
75,Isidora Sauvain,03/12/2000,Female,Indonesia,isauvain22@wisc.edu,+62 958 310 0749
76,Ilsa Denness,06/14/1991,Female,Poland,idenness23@cbsnews.com,+48 521 493 9666
77,Chad Greger,04/29/1980,Female,United States,cgreger24@topsy.com,+1 619 811 4652
78,Daria Marchbank,10/26/1992,Female,China,dmarchbank25@moonfruit.com,+86 319 818 5678
79,Stuart Rowcastle,11/03/1987,Male,Indonesia,srowcastle26@wikipedia.org,+62 270 955 7066
80,Alexandros Anfonsi,10/14/1999,Male,Ukraine,aanfonsi27@1688.com,+380 399 567 5168
81,Bidget Mughal,09/25/1983,Female,Greece,bmughal28@umich.edu,+30 189 465 5070
82,Ceciley Pester,06/13/1996,Female,Indonesia,cpester29@illinois.edu,+62 655 135 0355
83,Valentine Arnefield,12/11/2000,Male,Indonesia,varnefield2a@woothemes.com,+62 787 502 3192
84,Bernardina Ioan,11/17/1983,Female,Sweden,bioan2b@unblog.fr,+46 671 465 3518
85,Traci Beaney,02/25/1985,Female,France,tbeaney2c@indiegogo.com,+33 143 256 9368
86,Merv Goward,12/07/1986,Male,Costa Rica,mgoward2d@posterous.com,+506 744 191 2565
87,Milty Scully,02/13/1987,Male,Oman,mscully2e@columbia.edu,+968 648 731 8866
88,Humbert Kunneke,08/03/1994,Male,China,hkunneke2f@infoseek.co.jp,+86 182 165 4577
89,Eachelle Winckles,09/21/1993,Female,Tunisia,ewinckles2g@list-manage.com,+216 504 526 0707
90,Tamara Cleever,04/04/1996,Female,China,tcleever2h@tinypic.com,+86 864 215 1082
91,Rainer Tipple,07/26/1982,Male,Latvia,rtipple2i@photobucket.com,+371 867 969 2695
92,Jeremias Richardt,04/28/1986,Male,Indonesia,jrichardt2j@admin.ch,+62 345 899 7221
93,Bronson Firidolfi,07/31/1997,Male,Philippines,bfiridolfi2k@hugedomains.com,+63 528 157 3586
94,Myer Cadreman,09/06/1999,Male,Brazil,mcadreman2l@ning.com,+55 711 185 1180
95,Obadiah Rourke,01/25/2000,Male,Indonesia,orourke2m@dailymotion.com,+62 740 501 2581
96,Fitzgerald Mundwell,02/12/1986,Male,Brazil,fmundwell2n@stanford.edu,+55 192 280 9278
97,Graig Gorey,10/22/1983,Male,Indonesia,ggorey2o@xinhuanet.com,+62 941 761 3263
98,Brittney Peoples,04/07/1980,Female,Chad,bpeoples2p@businessinsider.com,+235 338 532 4535
99,Bendick Domenici,04/25/1996,Male,China,bdomenici2q@jalbum.net,+86 354 629 0508
100,Molly Thompson,03/26/1997,Female,Russia,mthompson2r@cnn.com,+7 842 237 1625
101,Taryn Dando,06/24/1988,Female,Armenia,tdando2s@ustream.tv,+374 924 428 2353
102,Dex Pentecust,02/25/1990,Male,Russia,dpentecust2t@ed.gov,+7 527 397 0675
103,Melitta Rudman,11/22/1989,Female,Nigeria,mrudman2u@smh.com.au,+234 219 888 8116
104,Deeann Bankes,08/07/1982,Female,Bulgaria,dbankes2v@tamu.edu,+359 775 135 0273
105,Joannes Capin,10/22/1984,Female,Indonesia,jcapin2w@techcrunch.com,+62 214 161 0242
106,Ulises Scarrisbrick,03/21/1989,Male,Peru,uscarrisbrick2x@wunderground.com,+51 398 323 0563
107,Yul Poston,01/10/1993,Male,Indonesia,yposton2y@sogou.com,+62 523 247 8356
108,Bard Oxterby,08/18/1993,Male,Japan,boxterby2z@dedecms.com,+81 128 815 1494
109,Georgetta Trillo,09/08/1991,Female,Indonesia,gtrillo30@studiopress.com,+62 404 348 4599
110,Gavan Goodfield,06/20/1991,Male,China,ggoodfield31@globo.com,+86 961 543 0262
111,Lita Bleiman,10/29/1989,Female,Armenia,lbleiman32@mail.ru,+374 590 672 9800
112,Sayers Mellings,08/11/1989,Male,Peru,smellings33@earthlink.net,+51 426 557 8439
113,Shel Gimeno,06/05/1985,Female,Philippines,sgimeno34@blogger.com,+63 277 119 8508
114,Napoleon Godain,10/02/1986,Male,China,ngodain35@macromedia.com,+86 441 826 6483
115,Amos Abbis,08/18/1985,Male,Poland,aabbis36@tinypic.com,+48 748 423 5348
116,Ignacio Jezard,08/15/1987,Male,Indonesia,ijezard37@merriam-webster.com,+62 574 589 9060
117,Melodie Leinster,04/16/1987,Female,United Kingdom,mleinster38@reference.com,+44 452 828 1009
118,Even Jakeman,07/08/1981,Male,Brazil,ejakeman39@hc360.com,+55 353 812 9506
119,Zora Kissack,08/18/1996,Female,Portugal,zkissack3a@indiegogo.com,+351 276 684 8442
120,Liesa Attwell,04/28/1991,Female,Italy,lattwell3b@forbes.com,+39 718 475 8129
121,Chrysa Raft,09/02/1988,Female,China,craft3c@technorati.com,+86 744 724 4444
122,Rochell Willcock,11/10/1999,Female,Brazil,rwillcock3d@meetup.com,+55 875 275 2924
123,Delmar Rameau,02/17/1982,Male,China,drameau3e@imdb.com,+86 921 432 9888
124,Gerik Reeson,05/14/1993,Male,China,greeson3f@princeton.edu,+86 423 966 9979
125,Bendick MacIlhargy,09/10/1982,Male,Indonesia,bmacilhargy3g@macromedia.com,+62 276 410 2166
126,Byrom Dinsmore,09/21/2000,Male,Mongolia,bdinsmore3h@auda.org.au,+976 915 230 3879
127,Fidel Hartshorn,11/14/1981,Male,Argentina,fhartshorn3i@tmall.com,+54 305 818 1861
128,Sidonia Stidston,07/19/1994,Female,Ukraine,sstidston3j@sitemeter.com,+380 246 986 6209
129,Jeddy McWard,09/25/1995,Male,Ukraine,jmcward3k@toplist.cz,+380 876 191 1175
130,Lorelei Giabucci,11/21/1991,Female,Japan,lgiabucci3l@cbslocal.com,+81 926 730 0221
131,Erek Ybarra,06/07/1991,Male,France,eybarra3m@reuters.com,+33 680 566 4757
132,Chrotoem Ogbourne,12/27/1999,Male,Vietnam,cogbourne3n@skype.com,+84 469 714 0480
133,Julie Le Batteur,10/10/1997,Female,Poland,jle3o@mozilla.org,+48 476 638 0814
134,Normy Boissier,10/24/1985,Male,Poland,nboissier3p@phoca.cz,+48 659 332 2029
135,Hanni Dawes,09/17/1981,Female,Guatemala,hdawes3q@ow.ly,+502 778 984 5414
136,Goldia Breitling,04/25/1986,Female,United States,gbreitling3r@tuttocitta.it,+1 812 132 0253
137,Jaquenetta Medlin,02/08/1997,Female,China,jmedlin3s@engadget.com,+86 672 506 4571
138,Townie Adenot,12/30/1981,Male,Armenia,tadenot3t@liveinternet.ru,+374 188 547 3714
139,Waite Tandy,07/07/1984,Male,Honduras,wtandy3u@hugedomains.com,+504 140 971 1226
140,Niall Silliman,06/14/1992,Male,Italy,nsilliman3v@admin.ch,+39 893 429 0069
141,Camilla Crufts,12/13/1986,Female,China,ccrufts3w@deviantart.com,+86 914 944 9427
142,Esme Dendon,05/09/1993,Female,Cameroon,edendon3x@google.nl,+237 570 492 8621
143,Tressa Beningfield,07/06/1982,Female,Spain,tbeningfield3y@bloomberg.com,+34 403 619 9228
144,Dyanne Center,03/26/1989,Female,Vietnam,dcenter3z@hubpages.com,+84 627 503 9728
145,Nadine Jodkowski,05/07/1993,Female,China,njodkowski40@yelp.com,+86 338 909 4393
146,Ardelis Tolman,01/30/1997,Female,Kazakhstan,atolman41@desdev.cn,+7 553 796 6587
147,Julina Haberjam,04/27/1986,Female,China,jhaberjam42@twitpic.com,+86 414 116 1022
148,Sheryl Dionsetti,08/15/1985,Female,Sweden,sdionsetti43@timesonline.co.uk,+46 935 155 7484
149,Domeniga Bramer,10/21/2000,Female,Pakistan,dbramer44@shutterfly.com,+92 836 777 0840
150,Dion Janos,05/17/1993,Male,Russia,djanos45@ted.com,+7 547 113 7136
151,Tome Colvie,09/10/1992,Male,Russia,tcolvie46@buzzfeed.com,+7 558 983 7175
152,Hillary Cronin,11/05/1986,Female,Australia,hcronin47@disqus.com,+61 916 574 1170
153,Agace Haseldine,11/24/1983,Female,United States,ahaseldine48@goodreads.com,+1 612 418 9015
154,Odo Jackways,12/10/1989,Male,Poland,ojackways49@economist.com,+48 746 469 5370
155,Michail Arnal,10/12/1984,Male,Sierra Leone,marnal4a@baidu.com,+232 642 671 5176
156,Shawnee Fraschini,01/09/1991,Female,Indonesia,sfraschini4b@instagram.com,+62 141 306 0290
157,Alisander Gasnell,09/13/1998,Male,Swaziland,agasnell4c@pagesperso-orange.fr,+268 151 682 7737
158,Terri Galpin,05/07/1995,Female,Mauritius,tgalpin4d@studiopress.com,+230 430 255 4644
159,Konrad Tuff,03/20/1996,Male,China,ktuff4e@flavors.me,+86 166 914 2997
160,Webster Kurton,06/18/1997,Male,China,wkurton4f@fotki.com,+86 409 231 4777
161,Ninetta Chretien,08/15/1993,Female,Brazil,nchretien4g@w3.org,+55 427 707 9652
162,Ida Gherardi,04/10/1996,Female,Russia,igherardi4h@rambler.ru,+7 290 903 3623
163,Atlanta MacAllester,07/03/1994,Female,Philippines,amacallester4i@google.co.jp,+63 699 715 4753
164,Albert Harron,01/06/1992,Male,Afghanistan,aharron4j@jigsy.com,+93 715 265 0212
165,Mathe Shrimptone,03/06/1998,Male,Philippines,mshrimptone4k@hexun.com,+63 134 131 5826
166,Syman Luchetti,12/02/1982,Male,United States,sluchetti4l@goo.ne.jp,+1 910 692 1357
167,Gwenora Natwick,08/10/1988,Female,France,gnatwick4m@over-blog.com,+33 475 243 6646
168,Clemmy Foyster,10/14/1986,Male,Angola,cfoyster4n@netscape.com,+244 928 734 7350
169,Perrine Brane,01/28/1995,Female,Colombia,pbrane4o@oakley.com,+57 645 848 2348
170,Enrica Tollemache,11/09/1998,Female,China,etollemache4p@flickr.com,+86 265 151 9107
171,Kalle MacLeod,04/18/1993,Male,Indonesia,kmacleod4q@jalbum.net,+62 587 209 9875
172,Reed Jozaitis,01/07/1986,Male,Indonesia,rjozaitis4r@opera.com,+62 542 544 8620
173,Anastasie Ewbanck,08/21/1991,Female,Ghana,aewbanck4s@163.com,+233 510 890 8752
174,Tiertza Cranham,05/28/1991,Female,China,tcranham4t@china.com.cn,+86 146 594 6074
175,Belvia Diego,02/04/1992,Female,Japan,bdiego4u@tmall.com,+81 654 994 3975
176,Horacio Lages,02/07/1981,Male,Philippines,hlages4v@omniture.com,+63 602 763 8364
177,Giacinta Bau,08/06/1989,Female,Ukraine,gbau4w@elpais.com,+380 829 892 7245
178,Ashleigh Shouler,07/17/1980,Female,Palestinian Territory,ashouler4x@cyberchimps.com,+970 116 560 5084
179,Alvinia Keer,03/21/1994,Female,Egypt,akeer4y@com.com,+20 421 592 3850
180,Lorna Butting,10/21/1982,Female,Finland,lbutting4z@sakura.ne.jp,+358 635 160 0668
181,Enrichetta Maden,07/05/1995,Female,Portugal,emaden50@360.cn,+351 172 590 1929
182,Jori Crease,05/24/1993,Female,Portugal,jcrease51@gov.uk,+351 561 884 7145
183,Sarah Buttriss,07/28/1987,Female,Philippines,sbuttriss52@4shared.com,+63 981 934 7585
184,Regen Cunrado,11/18/1992,Male,Indonesia,rcunrado53@arstechnica.com,+62 306 670 1134
185,Frank Boom,06/30/1982,Female,Philippines,fboom54@psu.edu,+63 155 813 3740
186,Ash Dawltrey,04/15/1989,Male,Greece,adawltrey55@va.gov,+30 440 391 6438
187,Editha Durbin,10/02/1988,Female,Sweden,edurbin56@taobao.com,+46 927 262 6850
188,Zaccaria Gawen,09/12/1996,Male,Netherlands,zgawen57@unicef.org,+31 296 600 9472
189,Dewie Antonoczyk,11/22/1990,Male,Brazil,dantonoczyk58@bravesites.com,+55 839 354 0112
190,Tiphanie Rucklesse,04/30/2000,Female,Indonesia,trucklesse59@patch.com,+62 968 105 9377
191,Spence Marishenko,05/24/1990,Male,Burundi,smarishenko5a@washingtonpost.com,+257 967 232 9092
192,Thedric Kamenar,03/30/1986,Male,Yemen,tkamenar5b@businessinsider.com,+967 945 298 9607
193,Egan Eliaz,12/18/1999,Male,China,eeliaz5c@slideshare.net,+86 689 952 9605
194,Zak Coopman,08/12/1997,Male,Bangladesh,zcoopman5d@gnu.org,+880 876 768 9542
195,Reeba Videan,12/07/2000,Female,Democratic Republic of the Congo,rvidean5e@w3.org,+242 982 453 0303
196,Stafford Rouff,03/08/2001,Male,Sweden,srouff5f@imageshack.us,+46 576 703 7162
197,Joyan Desouza,05/25/1991,Female,Indonesia,jdesouza5g@shinystat.com,+62 359 182 1457
198,Gwenni Manuele,02/19/1990,Female,China,gmanuele5h@about.me,+86 666 985 5481
199,Brunhilde Sanper,06/24/1989,Female,China,bsanper5i@homestead.com,+86 304 645 6686
200,Eliot Holdey,11/18/1980,Male,China,eholdey5j@oracle.com,+86 368 813 3621
201,Helenelizabeth Ballance,04/26/1991,Female,Argentina,hballance5k@wordpress.com,+54 838 406 6686
202,Anatol Cragell,08/31/1996,Male,Russia,acragell5l@blog.com,+7 422 186 6588
203,Matias Curtis,11/15/1981,Male,China,mcurtis5m@behance.net,+86 572 374 6716
204,Odell Hamblen,12/10/1981,Male,Serbia,ohamblen5n@aol.com,+381 665 932 0642
205,Maddy Boatman,08/27/1985,Male,Brazil,mboatman5o@aboutads.info,+55 766 877 9545
206,Elyssa Vass,09/10/1993,Female,Indonesia,evass5p@yellowpages.com,+62 402 151 5427
207,Faye Peterffy,10/17/1991,Female,Russia,fpeterffy5q@tumblr.com,+7 940 212 0805
208,Morlee Boddington,07/30/1987,Male,Indonesia,mboddington5r@zimbio.com,+62 631 838 9871
209,Kaiser Sweett,01/15/1988,Male,Russia,ksweett5s@boston.com,+7 556 810 4178
210,Earl Cavie,03/09/1995,Male,Sweden,ecavie5t@soup.io,+46 669 671 2940
211,Georgia Prine,10/26/1985,Female,China,gprine5u@alibaba.com,+86 545 823 7324
212,Bettye Peer,02/03/1986,Female,Sweden,bpeer5v@hhs.gov,+46 630 643 4810
213,Elsbeth Hilland,02/27/1987,Female,Czech Republic,ehilland5w@china.com.cn,+420 969 320 3710
214,Lin Olenov,10/05/2000,Male,Philippines,lolenov5x@jigsy.com,+63 461 366 8878
215,Irvine Trudgion,01/13/1993,Male,Kyrgyzstan,itrudgion5y@wiley.com,+996 297 262 2407
216,Brendan Wreakes,04/04/1999,Male,Czech Republic,bwreakes5z@tmall.com,+420 804 296 0502
217,Bucky Ubsdale,06/26/1993,Male,Indonesia,bubsdale60@bbc.co.uk,+62 970 620 4489
218,Everard Perrott,10/06/1982,Male,Ireland,eperrott61@wiley.com,+353 378 731 8652
219,Brodie Quiney,02/09/1996,Male,Mexico,bquiney62@zdnet.com,+52 877 671 0676
220,Ezekiel Culbert,09/30/1989,Male,Poland,eculbert63@free.fr,+48 344 636 3523
221,Jehu Thyng,01/27/1993,Male,Russia,jthyng64@cyberchimps.com,+7 313 108 6427
222,Dixie Dodridge,06/15/1999,Female,Georgia,ddodridge65@redcross.org,+995 985 356 0865
223,Queenie Mack,04/10/1989,Female,Indonesia,qmack66@mysql.com,+62 166 200 9777
224,Ruben Menguy,07/22/1980,Male,China,rmenguy67@businessweek.com,+86 919 375 5038
225,Kirsteni Savary,10/24/1992,Female,Armenia,ksavary68@amazon.co.uk,+374 792 473 2554
226,Clarinda Chiles,04/26/1985,Female,China,cchiles69@wsj.com,+86 838 529 0395
227,Roxi Corps,01/17/1987,Female,China,rcorps6a@archive.org,+86 672 291 9002
228,Tallou Jarvis,08/06/1980,Female,China,tjarvis6b@infoseek.co.jp,+86 495 625 0341
229,Thedrick Hubball,06/13/2000,Male,Russia,thubball6c@addtoany.com,+7 497 879 7548
230,Sigismondo Thing,02/11/2001,Male,Nicaragua,sthing6d@jigsy.com,+505 177 367 6122
231,Evyn Ingleson,11/01/1991,Male,China,eingleson6e@nba.com,+86 832 204 3514
232,Lindsey Meaden,05/04/1986,Female,Philippines,lmeaden6f@canalblog.com,+63 664 832 0773
233,Percy Gobell,12/16/1995,Male,United States,pgobell6g@posterous.com,+1 619 126 0595
234,Bellina Goves,10/27/1994,Female,South Korea,bgoves6h@forbes.com,+82 729 878 6902
235,Torr Hischke,03/02/1988,Male,United States,thischke6i@deviantart.com,+1 513 859 1693
236,Jacob Spillard,01/06/1982,Male,Portugal,jspillard6j@rediff.com,+351 287 878 8730
237,Wandie Spira,08/28/1994,Female,China,wspira6k@woothemes.com,+86 373 615 3764
238,Aarika Guillond,03/15/1985,Female,China,aguillond6l@twitpic.com,+86 570 721 7798
239,Paulina Ortsmann,10/09/2000,Female,Guam,portsmann6m@opensource.org,+1 590 604 7164
240,Pat Abendroth,01/08/1988,Female,Ethiopia,pabendroth6n@shareasale.com,+251 375 595 9437
241,Ulberto Liddle,01/12/1981,Male,Malawi,uliddle6o@topsy.com,+265 596 188 7271
242,Jed McMennum,05/09/1983,Male,United States,jmcmennum6p@macromedia.com,+1 206 801 6824
243,Marisa Vogt,09/20/1982,Female,China,mvogt6q@prlog.org,+86 818 228 1197
244,Dill Winwood,01/10/1984,Male,China,dwinwood6r@time.com,+86 979 397 7718
245,Fae Tucker,01/08/1994,Female,China,ftucker6s@shop-pro.jp,+86 981 772 1521
246,Marney McHenry,03/28/1990,Female,Somalia,mmchenry6t@miibeian.gov.cn,+252 330 316 0878
247,Dov Short,11/16/1989,Male,Namibia,dshort6u@joomla.org,+264 336 621 3256
248,Ainslie Wisdish,07/27/1991,Female,South Sudan,awisdish6v@webeden.co.uk,+249 726 868 3547
249,Louis Dod,08/19/1990,Male,Tanzania,ldod6w@so-net.ne.jp,+255 144 169 5381
250,Ches Eakle,02/13/1991,Male,Serbia,ceakle6x@nationalgeographic.com,+381 409 716 3079
251,Katherina O' Concannon,06/09/1998,Female,Serbia,ko6y@altervista.org,+381 100 827 3073
252,Chrysler MacCafferky,08/03/1984,Female,Czech Republic,cmaccafferky6z@feedburner.com,+420 783 715 9352
253,Dorolice Sayle,12/21/1989,Female,Canada,dsayle70@canalblog.com,+1 966 688 0837
254,Hughie Dyson,03/15/1983,Male,China,hdyson71@google.fr,+86 831 867 8588
255,Teodor Seabrook,02/09/1987,Male,China,tseabrook72@cyberchimps.com,+86 912 229 5832
256,Bridgette Lamplugh,11/26/1990,Female,Finland,blamplugh73@t.co,+358 851 593 3911
257,William Trussell,05/21/1992,Male,Indonesia,wtrussell74@simplemachines.org,+62 398 324 6133
258,Hatty Rosenbaum,04/18/1992,Female,Mexico,hrosenbaum75@xinhuanet.com,+52 479 295 9119
259,Cecil Witt,04/05/1990,Female,Pakistan,cwitt76@slashdot.org,+92 389 782 8220
260,Brennan Goodred,09/22/1995,Male,Argentina,bgoodred77@e-recht24.de,+54 705 186 6643
261,Osbert Chue,07/13/1991,Male,Brazil,ochue78@opensource.org,+55 350 195 3558
262,Marlon Jorioz,02/01/1999,Male,China,mjorioz79@engadget.com,+86 134 233 9637
263,Deni Hutchcraft,07/17/1999,Female,Costa Rica,dhutchcraft7a@infoseek.co.jp,+506 429 813 2182
264,Odelinda Bearcroft,06/11/2000,Female,France,obearcroft7b@4shared.com,+33 836 103 3989
265,Norbert Gabitis,03/25/1990,Male,Portugal,ngabitis7c@senate.gov,+351 497 178 8386
266,Aridatha Kaesmans,02/23/1990,Female,China,akaesmans7d@tinyurl.com,+86 575 542 1947
267,Nico Freake,08/16/1985,Male,Philippines,nfreake7e@dagondesign.com,+63 184 503 4472
268,Sada Shine,10/31/1993,Female,Kenya,sshine7f@businessinsider.com,+254 777 411 3661
269,Sharity Swaile,04/28/1997,Female,Sweden,sswaile7g@thetimes.co.uk,+46 744 436 0054
270,Raynell Tumilty,06/03/1982,Female,Russia,rtumilty7h@china.com.cn,+7 980 401 1231
271,Quintin Lanney,01/22/1983,Male,Poland,qlanney7i@howstuffworks.com,+48 896 987 9018
272,Gert Lampard,03/19/1989,Female,China,glampard7j@opera.com,+86 838 567 6908
273,Norris Daltrey,04/27/1994,Male,France,ndaltrey7k@ameblo.jp,+33 581 671 3291
274,Priscella Badsey,10/18/1997,Female,Philippines,pbadsey7l@ca.gov,+63 775 299 8336
275,Filberte Duthie,03/22/2000,Male,France,fduthie7m@flavors.me,+33 245 225 7492
276,Celle Gallanders,09/07/1985,Female,France,cgallanders7n@xrea.com,+33 361 262 0142
277,Chaim Mithan,01/29/1982,Male,China,cmithan7o@census.gov,+86 239 413 2557
278,Lonny Warlowe,08/11/1985,Male,China,lwarlowe7p@bloomberg.com,+86 687 820 3516
279,Gaynor Gullane,04/16/1990,Female,Nigeria,ggullane7q@fc2.com,+234 195 976 6322
280,Genna Stimpson,06/18/1981,Female,China,gstimpson7r@google.de,+86 178 838 0652
281,Corry Errington,10/25/1999,Female,China,cerrington7s@ca.gov,+86 683 541 7760
282,Jinny Espine,01/09/2000,Female,Uruguay,jespine7t@ebay.co.uk,+598 287 917 3732
283,Dennis Havik,02/17/1993,Male,Venezuela,dhavik7u@cmu.edu,+58 858 867 0703
284,Zaneta Lomasney,04/23/1998,Female,Uganda,zlomasney7v@mac.com,+256 544 836 3446
285,Bentlee Craigs,09/13/1998,Male,Belarus,bcraigs7w@walmart.com,+375 960 919 9721
286,Karisa Wykey,10/03/1994,Female,China,kwykey7x@thetimes.co.uk,+86 472 512 8507
287,Giraldo Marston,03/03/2000,Male,Pakistan,gmarston7y@over-blog.com,+92 403 591 5589
288,Rene Alenichev,12/12/1980,Female,Indonesia,ralenichev7z@theguardian.com,+62 557 969 7452
289,Allegra Metzel,07/28/1986,Female,Mongolia,ametzel80@domainmarket.com,+976 857 259 5036
290,Mic Brunetti,04/04/1989,Male,China,mbrunetti81@msu.edu,+86 662 918 5848
291,Craig Hollyman,05/08/2000,Male,Chile,chollyman82@narod.ru,+56 813 790 8506
292,Florie Venneur,09/06/1988,Female,Indonesia,fvenneur83@ft.com,+62 486 286 6241
293,Blinny Sandland,04/07/1997,Female,Uganda,bsandland84@guardian.co.uk,+256 913 803 0643
294,Norah Onn,12/19/1984,Female,France,nonn85@cloudflare.com,+33 401 649 5042
295,Rhetta Bane,10/31/1992,Female,Russia,rbane86@hp.com,+7 943 583 8960
296,Helenka Fache,01/20/1992,Female,Mexico,hfache87@ow.ly,+52 253 761 1607
297,Mada Knibley,01/27/1993,Female,China,mknibley88@harvard.edu,+86 355 573 3211
298,Yehudit McCloughlin,04/05/1999,Male,Argentina,ymccloughlin89@cam.ac.uk,+54 302 125 9054
299,Lannie Clausius,06/12/1994,Male,Indonesia,lclausius8a@exblog.jp,+62 430 569 7801
300,Dewie Mattes,07/25/1988,Male,China,dmattes8b@blogtalkradio.com,+86 242 165 5075
