StaffId,Name,DateOfBirth,Gender,Nationality,Email,PhoneNumber
1,Justinian Rosengren,1995-04-05,Male,Portugal,jrosengren0@freewebs.com,578-511-1862
2,Creighton Conichie,1997-01-05,Male,Peru,cconichie1@ycombinator.com,819-913-1670
3,Candide Comelini,1994-12-21,Female,Norway,ccomelini2@cyberchimps.com,211-383-4214
4,Leilah Lagde,1991-08-17,Female,Philippines,llagde3@java.com,369-996-0872
5,Shelbi Ussher,1988-11-07,Female,Indonesia,sussher4@themeforest.net,663-631-3885
6,Ricki Overington,1999-04-27,Male,Kazakhstan,roverington5@mayoclinic.com,411-414-2277
7,Waiter Gulleford,1989-05-06,Male,Greece,wgulleford6@typepad.com,516-908-6084
8,Otto Shah,1990-09-20,Male,China,oshah7@lulu.com,408-223-0254
9,Shepperd Paver,1994-11-07,Male,Cuba,spaver8@printfriendly.com,809-848-6488
10,Maye Shallcross,1987-06-20,Female,China,mshallcross9@dot.gov,854-838-5253
11,Piggy Duplock,1999-12-21,Male,Russia,pduplocka@mayoclinic.com,785-133-5416
12,Lauren Paaso,1986-03-19,Female,China,lpaasob@posterous.com,424-430-8835
13,Ferdinanda Cheel,1988-07-08,Female,Czech Republic,fcheelc@prweb.com,787-343-6320
14,Venita Matej,1998-12-26,Female,South Africa,vmatejd@washingtonpost.com,263-113-5283
15,Heddie Alliot,1994-11-14,Female,China,halliote@illinois.edu,101-515-0668
16,Sydney Patry,1997-07-01,Male,Argentina,spatryf@chron.com,847-617-9217
17,Kipp Cumberland,1994-04-21,Female,China,kcumberlandg@lulu.com,141-402-5324
18,Ursuline O'Dreain,1999-05-06,Female,Colombia,uodreainh@cdc.gov,165-459-6878
19,Effie Godon,1986-01-13,Female,China,egodoni@china.com.cn,202-842-6127
20,Carlyle Langcastle,1985-08-26,Male,Philippines,clangcastlej@intel.com,394-556-9893
21,Hugues Mayman,1993-07-21,Male,Indonesia,hmaymank@nhs.uk,963-411-8558
22,Francene Wimpeney,1989-03-02,Female,Afghanistan,fwimpeneyl@elpais.com,835-547-0004
23,Grenville Mosen,1991-03-06,Male,United States,gmosenm@biblegateway.com,651-595-1648
24,Tallie Swettenham,1985-03-17,Female,China,tswettenhamn@hud.gov,329-193-7451
25,Britni Skitral,1987-06-15,Female,Cameroon,bskitralo@usnews.com,609-444-6338
26,Judy Jenik,1988-07-08,Female,Portugal,jjenikp@who.int,425-462-9609
27,Dalt Loffhead,1997-03-31,Male,China,dloffheadq@google.com.br,333-101-0669
28,Northrup O'Bradane,1989-03-10,Male,Sweden,nobradaner@amazon.de,626-209-1690
29,Rhiamon Bonson,1989-07-19,Female,Philippines,rbonsons@phoca.cz,272-589-3784
30,Miranda Waskett,1998-04-13,Female,China,mwaskettt@shinystat.com,218-305-8583
31,Johny Rousell,1989-01-02,Male,Indonesia,jrousellu@histats.com,133-225-8704
32,Lyssa Andrin,1991-02-17,Female,China,landrinv@shareasale.com,390-973-6751
33,Issie Hollyer,1989-04-10,Female,China,ihollyerw@theguardian.com,155-738-8368
34,Barri Scartifield,1991-07-25,Male,Greece,bscartifieldx@skyrock.com,160-973-0544
35,Pattin Druett,1998-08-03,Male,China,pdruetty@timesonline.co.uk,754-292-4992
36,Dav Twizell,1999-02-14,Male,Indonesia,dtwizellz@storify.com,693-785-4946
37,Marina Lapslie,1987-09-05,Female,Russia,mlapslie10@phoca.cz,932-522-0898
38,Mirilla Berrisford,1987-12-21,Female,Japan,mberrisford11@edublogs.org,607-761-5052
39,Morlee Nickoll,1987-09-26,Male,Guatemala,mnickoll12@time.com,923-503-0274
40,Sibelle Mainstone,1986-04-20,Female,Russia,smainstone13@goodreads.com,699-928-5800
41,Jennee Hrachovec,1999-03-16,Female,China,jhrachovec14@example.com,708-645-1047
42,Margy Mix,1985-05-20,Female,China,mmix15@alexa.com,840-684-3858
43,Francis Burnsell,1990-11-28,Male,South Africa,fburnsell16@nifty.com,693-545-5430
44,Janeen Domico,1985-01-16,Female,Kazakhstan,jdomico17@nhs.uk,455-514-8535
45,Dorothee Daudray,1993-06-21,Female,Slovenia,ddaudray18@ftc.gov,797-333-7593
46,Marlee Shipp,1992-06-26,Female,Cuba,mshipp19@house.gov,866-332-4144
47,Krisha Skelly,1999-05-24,Male,Russia,kskelly1a@digg.com,698-108-5131
48,Stefano Showen,1992-11-13,Male,United States,sshowen1b@tinypic.com,850-641-9876
49,Morly Ryott,1985-08-10,Male,Philippines,mryott1c@stanford.edu,631-121-6964
50,Garth Tedahl,1989-04-08,Male,Portugal,gtedahl1d@dion.ne.jp,642-672-3844
51,Loria Meran,1995-06-27,Female,Poland,lmeran1e@51.la,760-437-7558
52,Herbert Wilsdon,1998-08-07,Male,Ukraine,hwilsdon1f@businessinsider.com,642-590-7169
53,Kimberley Breakspear,1988-01-04,Female,Iran,kbreakspear1g@msn.com,945-675-4886
54,Richmond Longhurst,1995-01-08,Male,Brazil,rlonghurst1h@rakuten.co.jp,308-531-8573
55,Ryley Probate,1999-12-14,Male,Poland,rprobate1i@unc.edu,726-255-3749
56,Valaree Gorrissen,1986-10-25,Female,Ukraine,vgorrissen1j@wix.com,281-790-1479
57,Darrick Yashanov,1995-10-10,Male,Vietnam,dyashanov1k@g.co,511-980-0784
58,Skippy Barkus,1993-12-11,Male,Panama,sbarkus1l@bigcartel.com,151-549-2617
59,Cindra O'Fallowne,1991-11-16,Female,Brazil,cofallowne1m@china.com.cn,396-255-2293
60,Leonhard Camelia,1988-02-07,Male,China,lcamelia1n@nationalgeographic.com,167-313-2612
61,Whitaker Vaskov,1994-09-15,Male,Peru,wvaskov1o@google.fr,333-961-3435
62,Bonita Benford,1998-04-02,Female,Japan,bbenford1p@bloglovin.com,971-803-7964
63,Sella Lemoir,1995-06-10,Female,Egypt,slemoir1q@lulu.com,651-890-3208
64,Elyn Stirland,1998-01-25,Female,Czech Republic,estirland1r@slideshare.net,945-900-0285
65,Kevin Brickham,1997-03-20,Male,Honduras,kbrickham1s@skyrock.com,821-430-3381
66,Tammi Tothe,1990-12-05,Female,Russia,ttothe1t@trellian.com,830-443-2646
67,Levi Schoenrock,1985-04-27,Male,China,lschoenrock1u@mediafire.com,226-231-0193
68,Rochester Buckel,1992-02-25,Male,China,rbuckel1v@ustream.tv,759-383-3151
69,Baldwin Fitton,1992-06-21,Male,Chile,bfitton1w@telegraph.co.uk,633-884-8831
70,Margot Culshaw,1989-11-21,Female,Peru,mculshaw1x@vimeo.com,685-628-8993
71,Barton Tickner,1996-03-19,Male,Zambia,btickner1y@sbwire.com,394-626-3550
72,Perry Cruddas,1993-07-07,Male,China,pcruddas1z@php.net,653-914-3133
73,Kelsey Hardwich,1990-11-30,Male,China,khardwich20@skyrock.com,456-515-7143
74,Hal Reany,1992-09-08,Male,China,hreany21@dailymotion.com,465-868-5708
75,Edgar Balmer,1990-04-05,Male,Botswana,ebalmer22@foxnews.com,307-878-1106
76,Lynette Woolatt,1988-08-27,Female,Canada,lwoolatt23@friendfeed.com,878-326-9035
77,Micaela Henstridge,1992-07-19,Female,Poland,mhenstridge24@live.com,340-599-3426
78,Kendal Sleeford,1987-06-21,Male,Philippines,ksleeford25@istockphoto.com,455-904-6055
79,Giustino Matessian,1992-08-23,Male,Netherlands,gmatessian26@ebay.co.uk,992-427-8300
80,Caty Orgen,1988-08-27,Female,China,corgen27@vinaora.com,828-229-0946
81,Perice Shellcross,1998-07-28,Male,Canada,pshellcross28@geocities.jp,151-592-7533
82,Jeffy McGaw,1995-07-21,Male,China,jmcgaw29@instagram.com,860-806-9109
83,Pedro Stooders,1994-01-07,Male,Mexico,pstooders2a@delicious.com,589-270-6188
84,Annelise Cotillard,1986-11-08,Female,Swaziland,acotillard2b@mayoclinic.com,524-797-9487
85,Emilia Simonsson,1995-09-15,Female,Canada,esimonsson2c@cloudflare.com,575-375-6654
86,Alvie Lehrahan,1998-01-24,Male,Thailand,alehrahan2d@dell.com,269-175-8732
87,Judas Fidoe,1985-03-07,Male,Portugal,jfidoe2e@jalbum.net,993-714-3457
88,Lynnett Mattys,1991-02-03,Female,Argentina,lmattys2f@salon.com,922-995-7197
89,Gunner MacCafferty,1996-11-19,Male,Canada,gmaccafferty2g@about.com,696-802-9241
90,Waverly Robbey,1995-07-19,Male,Poland,wrobbey2h@addthis.com,644-965-1767
91,Pammi Bosche,1996-11-27,Female,Cambodia,pbosche2i@seesaa.net,469-840-7246
92,Samuele Rampling,1988-10-04,Male,France,srampling2j@psu.edu,795-294-9019
93,Maude Morcom,1986-08-03,Female,Russia,mmorcom2k@squidoo.com,615-675-4988
94,Casar Ferdinand,1990-07-16,Male,Philippines,cferdinand2l@goo.ne.jp,234-883-8626
95,Adamo Dudhill,1999-10-25,Male,China,adudhill2m@cdc.gov,194-537-4012
96,Katusha Rettie,1997-01-24,Female,Indonesia,krettie2n@simplemachines.org,288-781-8277
97,Mirabella Snary,1994-02-11,Female,Indonesia,msnary2o@abc.net.au,527-347-0006
98,Paco Sture,1990-12-17,Male,China,psture2p@phpbb.com,767-496-8039
99,Brod Sobieski,1987-10-15,Male,Russia,bsobieski2q@bizjournals.com,661-948-0612
100,Nathalie Dennett,1989-09-19,Female,Honduras,ndennett2r@bizjournals.com,693-657-8930
101,Caz Haste,1998-12-16,Male,China,chaste2s@apple.com,198-741-0811
102,Pris Fennick,1996-05-23,Female,Portugal,pfennick2t@thetimes.co.uk,179-654-2908
103,Boycie Vashchenko,1994-10-18,Male,China,bvashchenko2u@wsj.com,110-973-7023
104,Vlad Klees,1991-11-12,Male,Poland,vklees2v@nature.com,902-273-2913
105,Ashbey Pentin,1999-06-09,Male,Dominican Republic,apentin2w@dion.ne.jp,467-587-9732
106,Nickolai Ruff,1986-07-31,Male,Russia,nruff2x@cbslocal.com,751-459-3434
107,Abbott Kershaw,1996-10-30,Male,Bangladesh,akershaw2y@vistaprint.com,777-182-7041
108,Jemimah Clist,1993-06-11,Female,Russia,jclist2z@house.gov,205-202-9528
109,Clarinda Caverhill,1996-07-20,Female,Philippines,ccaverhill30@seesaa.net,896-207-6673
110,Teddi Palay,1985-11-25,Female,Malaysia,tpalay31@freewebs.com,651-107-6083
111,Belle Martini,1987-08-30,Female,Ghana,bmartini32@pagesperso-orange.fr,852-120-3384
112,Alikee Norvill,1993-07-25,Female,Bulgaria,anorvill33@github.io,468-430-5498
113,Kristine Truesdale,1987-02-26,Female,China,ktruesdale34@nasa.gov,642-717-6505
114,Betsy Krugmann,1986-02-07,Female,Greece,bkrugmann35@quantcast.com,468-308-8663
115,Erhart Shawyers,1993-06-07,Male,United States,eshawyers36@go.com,208-982-1797
116,Annora Mullin,1991-07-19,Female,China,amullin37@umn.edu,239-274-7417
117,Susann Worboy,1994-02-13,Female,Philippines,sworboy38@ucla.edu,634-786-1555
118,Aguie Weich,1990-11-09,Male,Ecuador,aweich39@nature.com,465-975-8417
119,Josey Brownill,1998-11-18,Female,Yemen,jbrownill3a@i2i.jp,741-304-5614
120,Reginald Haggerstone,1993-07-14,Male,China,rhaggerstone3b@google.com,596-359-8516
121,Jeanna Cafe,1986-12-24,Female,Philippines,jcafe3c@yellowbook.com,133-385-6871
122,Arda Bowkett,1994-08-13,Female,China,abowkett3d@yahoo.co.jp,675-974-0740
123,Cordey Grewe,1986-03-25,Female,Belarus,cgrewe3e@shop-pro.jp,682-601-9446
124,Demetri Sloper,1995-04-26,Male,China,dsloper3f@rambler.ru,961-605-5173
125,Dill Stading,1999-07-21,Male,Kenya,dstading3g@infoseek.co.jp,129-877-6816
126,Curran Yeomans,1990-12-14,Male,China,cyeomans3h@cisco.com,640-265-4495
127,Maison Santorini,1994-07-17,Male,China,msantorini3i@nymag.com,297-488-2223
128,Marylinda Weller,1991-09-15,Female,Egypt,mweller3j@independent.co.uk,180-111-4083
129,Karylin Brack,1987-06-12,Female,Philippines,kbrack3k@buzzfeed.com,452-120-1987
130,Nelia Lubeck,1988-09-28,Female,China,nlubeck3l@cbc.ca,505-963-3389
131,Maddie Nolda,1986-01-19,Female,Nigeria,mnolda3m@oaic.gov.au,139-372-5687
132,Gretel McKeighen,1991-10-10,Female,Indonesia,gmckeighen3n@businesswire.com,480-976-8004
133,North Outram,1990-10-18,Male,Poland,noutram3o@sciencedaily.com,704-309-9030
134,Yancey Cosely,1995-03-02,Male,Indonesia,ycosely3p@163.com,282-108-6943
135,Herb Nozzolii,1989-10-05,Male,China,hnozzolii3q@meetup.com,166-585-4370
136,Tremain Ellis,1988-08-06,Male,Iran,tellis3r@marketwatch.com,164-885-3434
137,Mallory McLaughlan,1990-01-02,Male,Yemen,mmclaughlan3s@stumbleupon.com,355-183-6628
138,Mufi Weldon,1999-03-22,Female,Russia,mweldon3t@wikipedia.org,911-684-4158
139,Aigneis Harkin,1994-06-30,Female,Indonesia,aharkin3u@friendfeed.com,152-667-6607
140,Abie Rosenberger,1988-08-20,Male,China,arosenberger3v@bravesites.com,303-820-8859
141,Aryn Spinage,1999-12-01,Female,Venezuela,aspinage3w@slideshare.net,266-727-9811
142,Pinchas Juara,1989-03-20,Male,South Africa,pjuara3x@wufoo.com,312-119-7041
143,Alessandro Pashe,1996-04-09,Male,Japan,apashe3y@tripadvisor.com,253-386-3987
144,Urbain Willisch,1993-07-24,Male,Indonesia,uwillisch3z@usgs.gov,905-192-2783
145,Jenifer Cordell,1986-05-13,Female,Comoros,jcordell40@ihg.com,173-913-6261
146,Camella Queste,1990-05-02,Female,Argentina,cqueste41@qq.com,694-546-7054
147,Fabiano Ruane,1991-07-23,Male,Portugal,fruane42@addthis.com,716-612-0857
148,Gus Bottlestone,1989-12-12,Male,China,gbottlestone43@simplemachines.org,106-202-8717
149,Elke Aldham,1989-06-17,Female,France,ealdham44@google.fr,727-747-2758
150,Juliann Faas,1995-04-27,Female,Ukraine,jfaas45@studiopress.com,165-239-0808
151,Tierney Somersett,1986-01-16,Female,Sierra Leone,tsomersett46@cornell.edu,474-880-9499
152,Stuart Lumley,1985-12-01,Male,Brazil,slumley47@google.pl,199-271-3943
153,Clare Haggeth,1990-10-21,Male,China,chaggeth48@weibo.com,258-418-2273
154,Shaun Pates,1988-02-11,Male,France,spates49@chron.com,825-209-7683
155,Sorcha Skill,1990-02-17,Female,Czech Republic,sskill4a@google.com.au,553-704-6563
156,Rafe Fuentez,1989-12-02,Male,Uganda,rfuentez4b@skyrock.com,148-363-5952
157,Oby Anthiftle,1993-10-03,Male,Brazil,oanthiftle4c@usda.gov,246-845-6366
158,Zara Brydson,1990-10-16,Female,China,zbrydson4d@guardian.co.uk,899-429-9940
159,Valerye Hinkes,1993-03-31,Female,Thailand,vhinkes4e@fc2.com,125-568-9045
160,Rafaela Yonge,1991-03-06,Female,Ukraine,ryonge4f@tripod.com,351-154-5178
161,Lillis Soppeth,1999-07-23,Female,Indonesia,lsoppeth4g@alexa.com,839-569-6690
162,Brok Wolfendale,1992-08-29,Male,Indonesia,bwolfendale4h@technorati.com,465-354-2046
163,Janna Suthworth,1987-01-03,Female,Mongolia,jsuthworth4i@ow.ly,195-580-8165
164,Dennet Struttman,1999-12-15,Male,Croatia,dstruttman4j@123-reg.co.uk,489-767-1743
165,Nolana Hapgood,1994-08-10,Female,Greece,nhapgood4k@cam.ac.uk,587-186-8714
166,Haroun Adamec,1991-01-07,Male,China,hadamec4l@twitpic.com,716-326-5656
167,Jody Dooley,1993-09-12,Male,Russia,jdooley4m@paypal.com,285-808-5554
168,Rowan Hunnicutt,1988-06-20,Male,China,rhunnicutt4n@irs.gov,458-505-2736
169,Harli Fearick,1990-02-11,Female,Japan,hfearick4o@ihg.com,718-109-5661
170,Stafani Bellingham,1998-11-18,Female,Portugal,sbellingham4p@mozilla.org,366-237-7411
171,Shamus Sebley,1992-10-23,Male,Czech Republic,ssebley4q@nydailynews.com,903-179-2544
172,Tammie O' Mullane,1996-02-17,Female,Colombia,to4r@rambler.ru,986-232-0386
173,Hedwig Cosbey,1990-12-23,Female,Thailand,hcosbey4s@java.com,697-310-1792
174,Kathye Dearden,1987-03-13,Female,South Korea,kdearden4t@macromedia.com,892-898-1318
175,Aldin Gunton,1997-06-20,Male,Russia,agunton4u@creativecommons.org,936-743-2254
176,Hilarius Burdfield,1996-10-06,Male,Philippines,hburdfield4v@arstechnica.com,532-149-3312
177,Carr Hirsthouse,1991-08-11,Male,Czech Republic,chirsthouse4w@omniture.com,708-773-3775
178,Mile Paulusch,1995-04-16,Male,Poland,mpaulusch4x@addtoany.com,351-621-8603
179,Teresa Pluck,1986-07-19,Female,Sweden,tpluck4y@scientificamerican.com,667-308-3901
180,Verney Dessent,1990-08-30,Male,China,vdessent4z@psu.edu,400-913-3664
181,Levin Aidler,1985-03-04,Male,China,laidler50@discuz.net,797-105-9410
182,Brad Sheron,1996-09-03,Male,Germany,bsheron51@blinklist.com,125-705-7728
183,Papagena McGlaud,1998-10-25,Female,Colombia,pmcglaud52@miibeian.gov.cn,990-507-9426
184,Celestina Pauleau,1996-12-05,Female,Indonesia,cpauleau53@ihg.com,239-175-2646
185,Caitrin Catto,1996-08-12,Female,El Salvador,ccatto54@guardian.co.uk,902-926-5299
186,Emmerich Cosans,1993-12-22,Male,China,ecosans55@fastcompany.com,330-751-9666
187,Clara Rearden,1993-01-16,Female,China,crearden56@mayoclinic.com,135-148-0841
188,Nikki Gradley,1993-12-27,Male,China,ngradley57@fda.gov,281-111-7988
189,Ailsun Mulleary,1994-10-18,Female,Guatemala,amulleary58@mac.com,139-119-6309
190,Kizzee Willmett,1989-08-02,Female,Brazil,kwillmett59@ted.com,165-919-7881
191,Adda Base,1999-06-22,Female,Philippines,abase5a@cisco.com,442-215-5960
192,Evvie Parsonson,1996-09-27,Female,Indonesia,eparsonson5b@japanpost.jp,421-135-3461
193,Sibelle Kaveney,1989-03-08,Female,France,skaveney5c@illinois.edu,620-869-6316
194,Sigrid McCallister,1987-05-28,Female,China,smccallister5d@last.fm,511-633-9691
195,Goddard Blanket,1999-02-16,Male,Albania,gblanket5e@google.pl,559-102-1586
196,Pierce Staig,1996-10-27,Male,Indonesia,pstaig5f@ucoz.com,401-105-7146
197,Franni Ingle,1995-04-07,Female,Ukraine,fingle5g@typepad.com,291-829-0212
198,Murry Flemmich,1988-05-14,Male,United States,mflemmich5h@economist.com,757-338-2430
199,Morganica McRonald,1996-08-29,Female,Peru,mmcronald5i@technorati.com,721-985-1004
200,Ignacio Wooding,1988-03-02,Male,China,iwooding5j@webnode.com,321-849-9271
201,Irvin Jozaitis,1990-03-26,Male,France,ijozaitis5k@smh.com.au,779-610-9980
202,Elisa Bucklee,1989-02-28,Female,Palestinian Territory,ebucklee5l@printfriendly.com,987-732-8309
203,Fowler Bluschke,1990-07-11,Male,Spain,fbluschke5m@reuters.com,243-599-5779
204,Alison Linnitt,1989-08-18,Female,Uruguay,alinnitt5n@lulu.com,254-654-1362
205,Brockie Gendrich,1986-05-11,Male,Philippines,bgendrich5o@pen.io,983-636-0456
206,Cliff Donnachie,1985-12-21,Male,Nigeria,cdonnachie5p@facebook.com,714-542-4688
207,Karon Cutbush,1985-11-28,Female,Colombia,kcutbush5q@spiegel.de,349-887-6134
208,Cam Matveichev,1993-03-23,Male,China,cmatveichev5r@barnesandnoble.com,212-266-3473
209,Dorey Fredi,1989-04-24,Female,Venezuela,dfredi5s@macromedia.com,308-430-7056
210,Tiena Ambrogio,1991-03-12,Female,Finland,tambrogio5t@paypal.com,535-729-1234
211,Orran Tuffell,1997-05-01,Male,Malaysia,otuffell5u@rediff.com,202-948-1401
212,Keith Curro,1994-05-08,Male,Thailand,kcurro5v@g.co,742-867-6431
213,Billi McQuaide,1989-04-02,Female,Pakistan,bmcquaide5w@constantcontact.com,421-235-4578
214,Alta Daly,1987-07-18,Female,Indonesia,adaly5x@soundcloud.com,225-164-6535
215,Pieter Huske,1995-09-08,Male,Russia,phuske5y@blogs.com,909-665-0351
216,Randie Grafham,1993-09-25,Male,Indonesia,rgrafham5z@godaddy.com,717-828-4775
217,Judie Markson,1987-04-17,Female,Russia,jmarkson60@dmoz.org,871-477-4402
218,Elka Ledbetter,1996-11-17,Female,Peru,eledbetter61@lycos.com,965-423-5784
219,Lorens Hovel,1985-01-06,Male,Serbia,lhovel62@about.me,191-285-0532
220,Holden Swinfon,1989-09-28,Male,France,hswinfon63@goo.gl,262-722-4088
221,Elinore Earie,1990-06-26,Female,Philippines,eearie64@aboutads.info,557-732-0823
222,Hi Podmore,1992-03-22,Male,Sweden,hpodmore65@virginia.edu,704-558-3623
223,Brnaby Fleury,1991-12-01,Male,Serbia,bfleury66@homestead.com,869-133-0564
224,Thelma Perigeaux,1999-11-20,Female,Netherlands,tperigeaux67@shutterfly.com,940-949-6213
225,Chrissy Yegorov,1988-11-04,Female,China,cyegorov68@bbb.org,350-451-9879
226,Barbara-anne Danelutti,1989-12-11,Female,Greece,bdanelutti69@yahoo.com,756-669-1658
227,Donaugh Stitfall,1990-04-12,Male,China,dstitfall6a@furl.net,942-799-1484
228,Caro Carratt,1999-10-03,Female,Peru,ccarratt6b@nyu.edu,836-901-7083
229,Jeddy Norree,1987-06-11,Male,Sierra Leone,jnorree6c@scientificamerican.com,906-161-3176
230,Dario McGiven,1987-06-24,Male,Thailand,dmcgiven6d@berkeley.edu,114-365-0839
231,Damiano Mc Meekan,1989-08-02,Male,Costa Rica,dmc6e@cam.ac.uk,112-341-9736
232,Heinrick Clemits,1988-08-06,Male,Reunion,hclemits6f@ed.gov,206-626-1277
233,Turner McGookin,1998-10-21,Male,Ukraine,tmcgookin6g@free.fr,321-789-7515
234,Jody Purnell,1988-11-02,Male,South Africa,jpurnell6h@mit.edu,735-467-2174
235,Jaquelin Thurske,1986-09-06,Female,North Korea,jthurske6i@ycombinator.com,157-412-5734
236,Maye Swancott,1991-06-28,Female,Serbia,mswancott6j@marriott.com,471-799-2702
237,Jeddy Cockerton,1995-11-04,Male,Philippines,jcockerton6k@soup.io,478-721-4046
238,Montgomery Secombe,1997-05-20,Male,Russia,msecombe6l@mtv.com,748-828-8124
239,Greg MacKeever,1989-07-13,Male,China,gmackeever6m@home.pl,325-611-4506
240,Elise Dagworthy,1990-11-05,Female,Indonesia,edagworthy6n@bing.com,620-950-3221
241,Raine Waltho,1989-07-25,Female,China,rwaltho6o@feedburner.com,136-669-1711
242,Ansell Ronchetti,1988-09-25,Male,China,aronchetti6p@altervista.org,533-604-7428
243,Ally Boak,1993-09-18,Female,Peru,aboak6q@shinystat.com,959-620-5992
244,Meaghan Keat,1994-08-31,Female,United States,mkeat6r@gnu.org,212-641-9766
245,Tab Hunstone,1992-07-10,Male,Iceland,thunstone6s@smugmug.com,611-729-0326
246,Gretel Janney,1986-11-07,Female,Peru,gjanney6t@reverbnation.com,111-894-1062
247,Katharina Hostan,1986-07-17,Female,Portugal,khostan6u@mysql.com,871-342-3959
248,Beniamino Crosen,1987-07-29,Male,Russia,bcrosen6v@nps.gov,641-408-4816
249,Shellie McCray,1990-08-23,Female,China,smccray6w@nbcnews.com,738-164-5975
250,Olive Merryweather,1996-09-20,Female,China,omerryweather6x@ameblo.jp,549-801-6416
251,Sayre Lamport,1990-09-25,Male,China,slamport6y@fastcompany.com,539-458-8536
252,Marcus Ramsell,1996-04-08,Male,Poland,mramsell6z@rakuten.co.jp,779-136-9821
253,Nelia Fuentez,1997-10-31,Female,Brazil,nfuentez70@newyorker.com,111-167-7845
254,Constantine Phetteplace,1997-11-16,Male,China,cphetteplace71@yahoo.com,486-525-4688
255,Griffin Eisikowitch,1995-09-10,Male,Ukraine,geisikowitch72@japanpost.jp,319-859-2052
256,Dania Absolon,1989-07-26,Female,Syria,dabsolon73@ftc.gov,832-193-5471
257,Chas Loines,1996-08-24,Male,Brazil,cloines74@noaa.gov,291-412-7235
258,Sebastien Ealden,1990-03-30,Male,Nigeria,sealden75@cloudflare.com,505-826-3705
259,Sinclare Skip,1990-07-16,Male,Colombia,sskip76@gravatar.com,722-133-0876
260,Sandra Blaschek,1992-05-26,Female,Turkmenistan,sblaschek77@usnews.com,716-475-2022
261,Pamella Naerup,1985-09-05,Female,Benin,pnaerup78@ning.com,634-853-2016
262,Harp Gillford,1994-03-24,Male,China,hgillford79@cbc.ca,343-355-7105
263,Rubie Chiverton,1993-01-09,Female,China,rchiverton7a@alibaba.com,202-179-8736
264,Elianora Dofty,1990-12-11,Female,Portugal,edofty7b@nytimes.com,497-664-0491
265,Goldie Rutter,1985-07-30,Female,China,grutter7c@narod.ru,933-660-2049
266,Prudi Crum,1986-11-15,Female,Mali,pcrum7d@addtoany.com,305-214-0005
267,Wilden Walpole,1985-11-12,Male,Colombia,wwalpole7e@mediafire.com,559-749-6520
268,Clarance Tewkesberrie,1990-03-30,Male,Armenia,ctewkesberrie7f@deliciousdays.com,419-526-2255
269,Maxie Boswood,1986-08-27,Male,Croatia,mboswood7g@fc2.com,795-828-9829
270,Rafferty Cheal,1996-02-07,Male,Russia,rcheal7h@google.co.jp,310-101-8652
271,Tori Rodolphe,1996-07-10,Female,Poland,trodolphe7i@soup.io,125-980-2945
272,Baryram Myers,1985-04-04,Male,Bosnia and Herzegovina,bmyers7j@prweb.com,802-197-4936
273,Debbi McCourtie,1992-08-01,Female,Nigeria,dmccourtie7k@barnesandnoble.com,621-975-3432
274,Tyson Orford,1999-09-03,Male,United States,torford7l@umn.edu,360-178-7683
275,Delphine Abys,1999-02-18,Female,China,dabys7m@furl.net,602-799-2279
276,Nowell Barthelmes,1998-09-21,Male,Netherlands,nbarthelmes7n@cbc.ca,528-149-3357
277,Klemens Coulling,1987-06-28,Male,Colombia,kcoulling7o@pinterest.com,148-459-6338
278,Klarika Youdell,1991-06-01,Female,Ireland,kyoudell7p@geocities.com,572-795-0103
279,Milly Lobe,1992-05-09,Female,Philippines,mlobe7q@wp.com,247-773-4911
280,Dunn Wickmann,1989-02-05,Male,Indonesia,dwickmann7r@cornell.edu,236-817-2247
281,Marlie Skitt,1996-11-21,Female,Canada,mskitt7s@stanford.edu,690-611-6659
282,Rutherford Aloshechkin,1991-01-25,Male,Brazil,raloshechkin7t@archive.org,400-945-9932
283,Didi Adamczyk,1988-08-07,Female,Argentina,dadamczyk7u@delicious.com,293-413-7598
284,Tull Carwithim,1990-01-13,Male,Russia,tcarwithim7v@utexas.edu,215-495-5675
285,Codie Simmans,1986-08-05,Female,Philippines,csimmans7w@redcross.org,861-219-6231
286,Clarke Klosterman,1992-04-17,Male,Indonesia,cklosterman7x@wsj.com,570-595-1134
287,Lizette Lagne,1986-06-21,Female,France,llagne7y@tiny.cc,683-874-8667
288,Ransell Carnduff,1985-07-06,Male,France,rcarnduff7z@1und1.de,423-883-6705
289,Bryn Drowsfield,1990-07-29,Male,Indonesia,bdrowsfield80@npr.org,908-616-8048
290,Mei Lescop,1995-10-18,Female,Argentina,mlescop81@google.co.jp,667-130-4619
291,Aleece Nunn,1988-06-25,Female,New Zealand,anunn82@homestead.com,913-878-8313
292,Karna Mattiazzi,1993-02-20,Female,Venezuela,kmattiazzi83@merriam-webster.com,151-456-3069
293,Henka De la Barre,1991-02-21,Female,China,hde84@who.int,451-699-4799
294,Amalee Shevill,1985-03-10,Female,Bulgaria,ashevill85@cisco.com,759-724-6737
295,Trenton Christall,1989-01-24,Male,China,tchristall86@mac.com,194-423-3300
296,Odilia Shillan,1998-07-29,Female,China,oshillan87@oaic.gov.au,992-135-0645
297,Harald Arundale,1998-11-27,Male,China,harundale88@goodreads.com,409-583-0107
298,Ahmad Najera,1999-02-04,Male,Czech Republic,anajera89@t-online.de,691-357-8582
299,Ruy Gaine of England,1989-04-01,Male,France,rgaine8a@google.com.au,740-614-7232
300,Willis Robart,1985-08-09,Male,South Africa,wrobart8b@infoseek.co.jp,199-117-9969
